MouseID,Group,Percent.loss,Cage
1,saline,15.51502809,1
2,saline,18.55905431,1
3,saline,19.05862537,1
4,saline,19.12912167,1
5,saline,15.4571143,1
6,saline,21.56908861,1
7,vaccine,9.279936972,2
8,vaccine,7.427249733,2
9,vaccine,4.892752962,2
10,vaccine,2.820261185,2
11,vaccine,9.176329453,2
12,vaccine,7.643090328,2
13,vaccine+Adj,4.530731934,3
14,vaccine+Adj,3.713039994,3
15,vaccine+Adj,-0.318888294,3
16,vaccine+Adj,1.002216739,3
17,vaccine+Adj,0.732480053,3
18,vaccine+Adj,3.771679249,3
